Base_time,CC1,CC2,CC3,CC4,CC5,Friday_base,Friday_post,Monday_base,Monday_post,Page_category,Page_popularity,Page_talking_about,Page_visited_no_of_times,Post_length_char_count,Post_promoted,Post_share_count,Saturday_base,Saturday_post,Sunday_base,Sunday_post,Thrusday_base,Thrusday_post,Time_target,Tuesday_base,Tuesday_post,Wednesday_base,Wednesday_post,c1,c10,c11,c12,c13,c14,c15,c16,c17,c18,c19,c2,c20,c21,c22,c23,c24,c25,c3,c4,c5,c6,c7,c8,c9,Target_variable
65,0,0,0,0,0,0,0,0,0,1,634995,463,0,166,0,2,1,0,0,0,0,0,24,0,0,0,1,0,69.43582637,0,76,2.604477612,0,8.505501869,0,806,10.64925373,1,806,70.25478764,-69,806,4.970149254,0,69.85058043,11.29104478,1,70.49513846,0,806,7.574626866,0,3.0
10,0,0,0,0,0,1,0,0,0,1,634995,463,0,132,0,1,0,0,0,0,0,1,24,0,0,0,0,0,69.43582637,0,76,2.604477612,0,8.505501869,0,806,10.64925373,1,806,70.25478764,-69,806,4.970149254,0,69.85058043,11.29104478,1,70.49513846,0,806,7.574626866,0,8.0
14,0,0,0,0,0,0,1,0,0,1,634995,463,0,133,0,2,1,0,0,0,0,0,24,0,0,0,0,0,69.43582637,0,76,2.604477612,0,8.505501869,0,806,10.64925373,1,806,70.25478764,-69,806,4.970149254,0,69.85058043,11.29104478,1,70.49513846,0,806,7.574626866,0,11.0
